[{"translations":{"br":"Afeganistão","pt":"Afeganistão","nl":"Afghanistan","hr":"Afganistan","fa":"افغانستان","de":"Afghanistan","es":"Afganistán","fr":"Afghanistan","ja":"アフガニスタン","it":"Afghanistan"},"name":"Afghanistan","callingCodes":["93"]},{"translations":{"br":"Ilhas de Aland","pt":"Ilhas de Aland","nl":"Ålandeilanden","hr":"Ålandski otoci","fa":"جزایر الند","de":"Åland","es":"Alandia","fr":"Åland","ja":"オーランド諸島","it":"Isole Aland"},"name":"Åland Islands","callingCodes":["358"]},{"translations":{"br":"Albânia","pt":"Albânia","nl":"Albanië","hr":"Albanija","fa":"آلبانی","de":"Albanien","es":"Albania","fr":"Albanie","ja":"アルバニア","it":"Albania"},"name":"Albania","callingCodes":["355"]},{"translations":{"br":"Argélia","pt":"Argélia","nl":"Algerije","hr":"Alžir","fa":"الجزایر","de":"Algerien","es":"Argelia","fr":"Algérie","ja":"アルジェリア","it":"Algeria"},"name":"Algeria","callingCodes":["213"]},{"translations":{"br":"Samoa Americana","pt":"Samoa Americana","nl":"Amerikaans Samoa","hr":"Američka Samoa","fa":"ساموآی آمریکا","de":"Amerikanisch-Samoa","es":"Samoa Americana","fr":"Samoa américaines","ja":"アメリカ領サモア","it":"Samoa Americane"},"name":"American Samoa","callingCodes":["1684"]},{"translations":{"br":"Andorra","pt":"Andorra","nl":"Andorra","hr":"Andora","fa":"آندورا","de":"Andorra","es":"Andorra","fr":"Andorre","ja":"アンドラ","it":"Andorra"},"name":"Andorra","callingCodes":["376"]},{"translations":{"br":"Angola","pt":"Angola","nl":"Angola","hr":"Angola","fa":"آنگولا","de":"Angola","es":"Angola","fr":"Angola","ja":"アンゴラ","it":"Angola"},"name":"Angola","callingCodes":["244"]},{"translations":{"br":"Anguila","pt":"Anguila","nl":"Anguilla","hr":"Angvila","fa":"آنگویلا","de":"Anguilla","es":"Anguilla","fr":"Anguilla","ja":"アンギラ","it":"Anguilla"},"name":"Anguilla","callingCodes":["1264"]},{"translations":{"br":"Antártida","pt":"Antárctida","nl":"Antarctica","hr":"Antarktika","fa":"جنوبگان","de":"Antarktika","es":"Antártida","fr":"Antarctique","ja":"南極大陸","it":"Antartide"},"name":"Antarctica","callingCodes":["672"]},{"translations":{"br":"Antígua e Barbuda","pt":"Antígua e Barbuda","nl":"Antigua en Barbuda","hr":"Antigva i Barbuda","fa":"آنتیگوا و باربودا","de":"Antigua und Barbuda","es":"Antigua y Barbuda","fr":"Antigua-et-Barbuda","ja":"アンティグア・バーブーダ","it":"Antigua e Barbuda"},"name":"Antigua and Barbuda","callingCodes":["1268"]},{"translations":{"br":"Argentina","pt":"Argentina","nl":"Argentinië","hr":"Argentina","fa":"آرژانتین","de":"Argentinien","es":"Argentina","fr":"Argentine","ja":"アルゼンチン","it":"Argentina"},"name":"Argentina","callingCodes":["54"]},{"translations":{"br":"Armênia","pt":"Arménia","nl":"Armenië","hr":"Armenija","fa":"ارمنستان","de":"Armenien","es":"Armenia","fr":"Arménie","ja":"アルメニア","it":"Armenia"},"name":"Armenia","callingCodes":["374"]},{"translations":{"br":"Aruba","pt":"Aruba","nl":"Aruba","hr":"Aruba","fa":"آروبا","de":"Aruba","es":"Aruba","fr":"Aruba","ja":"アルバ","it":"Aruba"},"name":"Aruba","callingCodes":["297"]},{"translations":{"br":"Austrália","pt":"Austrália","nl":"Australië","hr":"Australija","fa":"استرالیا","de":"Australien","es":"Australia","fr":"Australie","ja":"オーストラリア","it":"Australia"},"name":"Australia","callingCodes":["61"]},{"translations":{"br":"áustria","pt":"áustria","nl":"Oostenrijk","hr":"Austrija","fa":"اتریش","de":"Österreich","es":"Austria","fr":"Autriche","ja":"オーストリア","it":"Austria"},"name":"Austria","callingCodes":["43"]},{"translations":{"br":"Azerbaijão","pt":"Azerbaijão","nl":"Azerbeidzjan","hr":"Azerbajdžan","fa":"آذربایجان","de":"Aserbaidschan","es":"Azerbaiyán","fr":"Azerbaïdjan","ja":"アゼルバイジャン","it":"Azerbaijan"},"name":"Azerbaijan","callingCodes":["994"]},{"translations":{"br":"Bahamas","pt":"Baamas","nl":"Bahama’s","hr":"Bahami","fa":"باهاما","de":"Bahamas","es":"Bahamas","fr":"Bahamas","ja":"バハマ","it":"Bahamas"},"name":"Bahamas","callingCodes":["1242"]},{"translations":{"br":"Bahrein","pt":"Barém","nl":"Bahrein","hr":"Bahrein","fa":"بحرین","de":"Bahrain","es":"Bahrein","fr":"Bahreïn","ja":"バーレーン","it":"Bahrein"},"name":"Bahrain","callingCodes":["973"]},{"translations":{"br":"Bangladesh","pt":"Bangladeche","nl":"Bangladesh","hr":"Bangladeš","fa":"بنگلادش","de":"Bangladesch","es":"Bangladesh","fr":"Bangladesh","ja":"バングラデシュ","it":"Bangladesh"},"name":"Bangladesh","callingCodes":["880"]},{"translations":{"br":"Barbados","pt":"Barbados","nl":"Barbados","hr":"Barbados","fa":"باربادوس","de":"Barbados","es":"Barbados","fr":"Barbade","ja":"バルバドス","it":"Barbados"},"name":"Barbados","callingCodes":["1246"]},{"translations":{"br":"Bielorrússia","pt":"Bielorrússia","nl":"Wit-Rusland","hr":"Bjelorusija","fa":"بلاروس","de":"Weißrussland","es":"Bielorrusia","fr":"Biélorussie","ja":"ベラルーシ","it":"Bielorussia"},"name":"Belarus","callingCodes":["375"]},{"translations":{"br":"Bélgica","pt":"Bélgica","nl":"België","hr":"Belgija","fa":"بلژیک","de":"Belgien","es":"Bélgica","fr":"Belgique","ja":"ベルギー","it":"Belgio"},"name":"Belgium","callingCodes":["32"]},{"translations":{"br":"Belize","pt":"Belize","nl":"Belize","hr":"Belize","fa":"بلیز","de":"Belize","es":"Belice","fr":"Belize","ja":"ベリーズ","it":"Belize"},"name":"Belize","callingCodes":["501"]},{"translations":{"br":"Benin","pt":"Benim","nl":"Benin","hr":"Benin","fa":"بنین","de":"Benin","es":"Benín","fr":"Bénin","ja":"ベナン","it":"Benin"},"name":"Benin","callingCodes":["229"]},{"translations":{"br":"Bermudas","pt":"Bermudas","nl":"Bermuda","hr":"Bermudi","fa":"برمودا","de":"Bermuda","es":"Bermudas","fr":"Bermudes","ja":"バミューダ","it":"Bermuda"},"name":"Bermuda","callingCodes":["1441"]},{"translations":{"br":"Butão","pt":"Butão","nl":"Bhutan","hr":"Butan","fa":"بوتان","de":"Bhutan","es":"Bután","fr":"Bhoutan","ja":"ブータン","it":"Bhutan"},"name":"Bhutan","callingCodes":["975"]},{"translations":{"br":"Bolívia","pt":"Bolívia","nl":"Bolivia","hr":"Bolivija","fa":"بولیوی","de":"Bolivien","es":"Bolivia","fr":"Bolivie","ja":"ボリビア多民族国","it":"Bolivia"},"name":"Bolivia (Plurinational State of)","callingCodes":["591"]},{"translations":{"br":"Bonaire","pt":"Bonaire","fa":"بونیر","de":"Bonaire, Sint Eustatius und Saba","fr":"Bonaire, Saint-Eustache et Saba","it":"Bonaire, Saint-Eustache e Saba"},"name":"Bonaire, Sint Eustatius and Saba","callingCodes":["5997"]},{"translations":{"br":"Bósnia e Herzegovina","pt":"Bósnia e Herzegovina","nl":"Bosnië en Herzegovina","hr":"Bosna i Hercegovina","fa":"بوسنی و هرزگوین","de":"Bosnien und Herzegowina","es":"Bosnia y Herzegovina","fr":"Bosnie-Herzégovine","ja":"ボスニア・ヘルツェゴビナ","it":"Bosnia ed Erzegovina"},"name":"Bosnia and Herzegovina","callingCodes":["387"]},{"translations":{"br":"Botsuana","pt":"Botsuana","nl":"Botswana","hr":"Bocvana","fa":"بوتسوانا","de":"Botswana","es":"Botswana","fr":"Botswana","ja":"ボツワナ","it":"Botswana"},"name":"Botswana","callingCodes":["267"]},{"translations":{"br":"Ilha Bouvet","pt":"Ilha Bouvet","nl":"Bouveteiland","hr":"Otok Bouvet","fa":"جزیره بووه","de":"Bouvetinsel","es":"Isla Bouvet","fr":"Île Bouvet","ja":"ブーベ島","it":"Isola Bouvet"},"name":"Bouvet Island","callingCodes":[""]},{"translations":{"br":"Brasil","pt":"Brasil","nl":"Brazilië","hr":"Brazil","fa":"برزیل","de":"Brasilien","es":"Brasil","fr":"Brésil","ja":"ブラジル","it":"Brasile"},"name":"Brazil","callingCodes":["55"]},{"translations":{"br":"Território Britânico do Oceano íÍdico","pt":"Território Britânico do Oceano Índico","nl":"Britse Gebieden in de Indische Oceaan","hr":"Britanski Indijskooceanski teritorij","fa":"قلمرو بریتانیا در اقیانوس هند","de":"Britisches Territorium im Indischen Ozean","es":"Territorio Británico del Océano Índico","fr":"Territoire britannique de l'océan Indien","ja":"イギリス領インド洋地域","it":"Territorio britannico dell'oceano indiano"},"name":"British Indian Ocean Territory","callingCodes":["246"]},{"translations":{"br":"Ilhas Menores Distantes dos Estados Unidos","pt":"Ilhas Menores Distantes dos Estados Unidos","nl":"Kleine afgelegen eilanden van de Verenigde Staten","hr":"Mali udaljeni otoci SAD-a","fa":"جزایر کوچک حاشیه‌ای ایالات متحده آمریکا","de":"Kleinere Inselbesitzungen der Vereinigten Staaten","es":"Islas Ultramarinas Menores de Estados Unidos","fr":"Îles mineures éloignées des États-Unis","ja":"合衆国領有小離島","it":"Isole minori esterne degli Stati Uniti d'America"},"name":"United States Minor Outlying Islands","callingCodes":[""]},{"translations":{"br":"Ilhas Virgens Britânicas","pt":"Ilhas Virgens Britânicas","nl":"Britse Maagdeneilanden","hr":"Britanski Djevičanski Otoci","fa":"جزایر ویرجین بریتانیا","de":"Britische Jungferninseln","es":"Islas Vírgenes del Reino Unido","fr":"Îles Vierges britanniques","ja":"イギリス領ヴァージン諸島","it":"Isole Vergini Britanniche"},"name":"Virgin Islands (British)","callingCodes":["1284"]},{"translations":{"br":"Ilhas Virgens Americanas","pt":"Ilhas Virgens Americanas","nl":"Verenigde Staten Maagdeneilanden","fa":"جزایر ویرجین آمریکا","de":"Amerikanische Jungferninseln","es":"Islas Vírgenes de los Estados Unidos","fr":"Îles Vierges des États-Unis","ja":"アメリカ領ヴァージン諸島","it":"Isole Vergini americane"},"name":"Virgin Islands (U.S.)","callingCodes":["1 340"]},{"translations":{"br":"Brunei","pt":"Brunei","nl":"Brunei","hr":"Brunej","fa":"برونئی","de":"Brunei","es":"Brunei","fr":"Brunei","ja":"ブルネイ・ダルサラーム","it":"Brunei"},"name":"Brunei Darussalam","callingCodes":["673"]},{"translations":{"br":"Bulgária","pt":"Bulgária","nl":"Bulgarije","hr":"Bugarska","fa":"بلغارستان","de":"Bulgarien","es":"Bulgaria","fr":"Bulgarie","ja":"ブルガリア","it":"Bulgaria"},"name":"Bulgaria","callingCodes":["359"]},{"translations":{"br":"Burkina Faso","pt":"Burquina Faso","nl":"Burkina Faso","hr":"Burkina Faso","fa":"بورکینافاسو","de":"Burkina Faso","es":"Burkina Faso","fr":"Burkina Faso","ja":"ブルキナファソ","it":"Burkina Faso"},"name":"Burkina Faso","callingCodes":["226"]},{"translations":{"br":"Burundi","pt":"Burúndi","nl":"Burundi","hr":"Burundi","fa":"بوروندی","de":"Burundi","es":"Burundi","fr":"Burundi","ja":"ブルンジ","it":"Burundi"},"name":"Burundi","callingCodes":["257"]},{"translations":{"br":"Camboja","pt":"Camboja","nl":"Cambodja","hr":"Kambodža","fa":"کامبوج","de":"Kambodscha","es":"Camboya","fr":"Cambodge","ja":"カンボジア","it":"Cambogia"},"name":"Cambodia","callingCodes":["855"]},{"translations":{"br":"Camarões","pt":"Camarões","nl":"Kameroen","hr":"Kamerun","fa":"کامرون","de":"Kamerun","es":"Camerún","fr":"Cameroun","ja":"カメルーン","it":"Camerun"},"name":"Cameroon","callingCodes":["237"]},{"translations":{"br":"Canadá","pt":"Canadá","nl":"Canada","hr":"Kanada","fa":"کانادا","de":"Kanada","es":"Canadá","fr":"Canada","ja":"カナダ","it":"Canada"},"name":"Canada","callingCodes":["1"]},{"translations":{"br":"Cabo Verde","pt":"Cabo Verde","nl":"Kaapverdië","hr":"Zelenortska Republika","fa":"کیپ ورد","de":"Kap Verde","es":"Cabo Verde","fr":"Cap Vert","ja":"カーボベルデ","it":"Capo Verde"},"name":"Cabo Verde","callingCodes":["238"]},{"translations":{"br":"Ilhas Cayman","pt":"Ilhas Caimão","nl":"Caymaneilanden","hr":"Kajmanski otoci","fa":"جزایر کیمن","de":"Kaimaninseln","es":"Islas Caimán","fr":"Îles Caïmans","ja":"ケイマン諸島","it":"Isole Cayman"},"name":"Cayman Islands","callingCodes":["1345"]},{"translations":{"br":"República Centro-Africana","pt":"República Centro-Africana","nl":"Centraal-Afrikaanse Republiek","hr":"Srednjoafrička Republika","fa":"جمهوری آفریقای مرکزی","de":"Zentralafrikanische Republik","es":"República Centroafricana","fr":"République centrafricaine","ja":"中央アフリカ共和国","it":"Repubblica Centrafricana"},"name":"Central African Republic","callingCodes":["236"]},{"translations":{"br":"Chade","pt":"Chade","nl":"Tsjaad","hr":"Čad","fa":"چاد","de":"Tschad","es":"Chad","fr":"Tchad","ja":"チャド","it":"Ciad"},"name":"Chad","callingCodes":["235"]},{"translations":{"br":"Chile","pt":"Chile","nl":"Chili","hr":"Čile","fa":"شیلی","de":"Chile","es":"Chile","fr":"Chili","ja":"チリ","it":"Cile"},"name":"Chile","callingCodes":["56"]},{"translations":{"br":"China","pt":"China","nl":"China","hr":"Kina","fa":"چین","de":"China","es":"China","fr":"Chine","ja":"中国","it":"Cina"},"name":"China","callingCodes":["86"]},{"translations":{"br":"Ilha Christmas","pt":"Ilha do Natal","nl":"Christmaseiland","hr":"Božićni otok","fa":"جزیره کریسمس","de":"Weihnachtsinsel","es":"Isla de Navidad","fr":"Île Christmas","ja":"クリスマス島","it":"Isola di Natale"},"name":"Christmas Island","callingCodes":["61"]},{"translations":{"br":"Ilhas Cocos","pt":"Ilhas dos Cocos","nl":"Cocoseilanden","hr":"Kokosovi Otoci","fa":"جزایر کوکوس","de":"Kokosinseln","es":"Islas Cocos o Islas Keeling","fr":"Îles Cocos","ja":"ココス（キーリング）諸島","it":"Isole Cocos e Keeling"},"name":"Cocos (Keeling) Islands","callingCodes":["61"]},{"translations":{"br":"Colômbia","pt":"Colômbia","nl":"Colombia","hr":"Kolumbija","fa":"کلمبیا","de":"Kolumbien","es":"Colombia","fr":"Colombie","ja":"コロンビア","it":"Colombia"},"name":"Colombia","callingCodes":["57"]},{"translations":{"br":"Comores","pt":"Comores","nl":"Comoren","hr":"Komori","fa":"کومور","de":"Union der Komoren","es":"Comoras","fr":"Comores","ja":"コモロ","it":"Comore"},"name":"Comoros","callingCodes":["269"]},{"translations":{"br":"Congo","pt":"Congo","nl":"Congo [Republiek]","hr":"Kongo","fa":"کنگو","de":"Kongo","es":"Congo","fr":"Congo","ja":"コンゴ共和国","it":"Congo"},"name":"Congo","callingCodes":["242"]},{"translations":{"br":"RD Congo","pt":"RD Congo","nl":"Congo [DRC]","hr":"Kongo, Demokratska Republika","fa":"جمهوری کنگو","de":"Kongo (Dem. Rep.)","es":"Congo (Rep. Dem.)","fr":"Congo (Rép. dém.)","ja":"コンゴ民主共和国","it":"Congo (Rep. Dem.)"},"name":"Congo (Democratic Republic of the)","callingCodes":["243"]},{"translations":{"br":"Ilhas Cook","pt":"Ilhas Cook","nl":"Cookeilanden","hr":"Cookovo Otočje","fa":"جزایر کوک","de":"Cookinseln","es":"Islas Cook","fr":"Îles Cook","ja":"クック諸島","it":"Isole Cook"},"name":"Cook Islands","callingCodes":["682"]},{"translations":{"br":"Costa Rica","pt":"Costa Rica","nl":"Costa Rica","hr":"Kostarika","fa":"کاستاریکا","de":"Costa Rica","es":"Costa Rica","fr":"Costa Rica","ja":"コスタリカ","it":"Costa Rica"},"name":"Costa Rica","callingCodes":["506"]},{"translations":{"br":"Croácia","pt":"Croácia","nl":"Kroatië","hr":"Hrvatska","fa":"کرواسی","de":"Kroatien","es":"Croacia","fr":"Croatie","ja":"クロアチア","it":"Croazia"},"name":"Croatia","callingCodes":["385"]},{"translations":{"br":"Cuba","pt":"Cuba","nl":"Cuba","hr":"Kuba","fa":"کوبا","de":"Kuba","es":"Cuba","fr":"Cuba","ja":"キューバ","it":"Cuba"},"name":"Cuba","callingCodes":["53"]},{"translations":{"br":"Curaçao","pt":"Curaçao","nl":"Curaçao","fa":"کوراسائو","de":"Curaçao","fr":"Curaçao","it":"Curaçao"},"name":"Curaçao","callingCodes":["599"]},{"translations":{"br":"Chipre","pt":"Chipre","nl":"Cyprus","hr":"Cipar","fa":"قبرس","de":"Zypern","es":"Chipre","fr":"Chypre","ja":"キプロス","it":"Cipro"},"name":"Cyprus","callingCodes":["357"]},{"translations":{"br":"República Tcheca","pt":"República Checa","nl":"Tsjechië","hr":"Češka","fa":"جمهوری چک","de":"Tschechische Republik","es":"República Checa","fr":"République tchèque","ja":"チェコ","it":"Repubblica Ceca"},"name":"Czech Republic","callingCodes":["420"]},{"translations":{"br":"Dinamarca","pt":"Dinamarca","nl":"Denemarken","hr":"Danska","fa":"دانمارک","de":"Dänemark","es":"Dinamarca","fr":"Danemark","ja":"デンマーク","it":"Danimarca"},"name":"Denmark","callingCodes":["45"]},{"translations":{"br":"Djibuti","pt":"Djibuti","nl":"Djibouti","hr":"Džibuti","fa":"جیبوتی","de":"Dschibuti","es":"Yibuti","fr":"Djibouti","ja":"ジブチ","it":"Gibuti"},"name":"Djibouti","callingCodes":["253"]},{"translations":{"br":"Dominica","pt":"Dominica","nl":"Dominica","hr":"Dominika","fa":"دومینیکا","de":"Dominica","es":"Dominica","fr":"Dominique","ja":"ドミニカ国","it":"Dominica"},"name":"Dominica","callingCodes":["1767"]},{"translations":{"br":"República Dominicana","pt":"República Dominicana","nl":"Dominicaanse Republiek","hr":"Dominikanska Republika","fa":"جمهوری دومینیکن","de":"Dominikanische Republik","es":"República Dominicana","fr":"République dominicaine","ja":"ドミニカ共和国","it":"Repubblica Dominicana"},"name":"Dominican Republic","callingCodes":["1809","1829","1849"]},{"translations":{"br":"Equador","pt":"Equador","nl":"Ecuador","hr":"Ekvador","fa":"اکوادور","de":"Ecuador","es":"Ecuador","fr":"Équateur","ja":"エクアドル","it":"Ecuador"},"name":"Ecuador","callingCodes":["593"]},{"translations":{"br":"Egito","pt":"Egipto","nl":"Egypte","hr":"Egipat","fa":"مصر","de":"Ägypten","es":"Egipto","fr":"Égypte","ja":"エジプト","it":"Egitto"},"name":"Egypt","callingCodes":["20"]},{"translations":{"br":"El Salvador","pt":"El Salvador","nl":"El Salvador","hr":"Salvador","fa":"السالوادور","de":"El Salvador","es":"El Salvador","fr":"Salvador","ja":"エルサルバドル","it":"El Salvador"},"name":"El Salvador","callingCodes":["503"]},{"translations":{"br":"Guiné Equatorial","pt":"Guiné Equatorial","nl":"Equatoriaal-Guinea","hr":"Ekvatorijalna Gvineja","fa":"گینه استوایی","de":"Äquatorial-Guinea","es":"Guinea Ecuatorial","fr":"Guinée-Équatoriale","ja":"赤道ギニア","it":"Guinea Equatoriale"},"name":"Equatorial Guinea","callingCodes":["240"]},{"translations":{"br":"Eritreia","pt":"Eritreia","nl":"Eritrea","hr":"Eritreja","fa":"اریتره","de":"Eritrea","es":"Eritrea","fr":"Érythrée","ja":"エリトリア","it":"Eritrea"},"name":"Eritrea","callingCodes":["291"]},{"translations":{"br":"Estônia","pt":"Estónia","nl":"Estland","hr":"Estonija","fa":"استونی","de":"Estland","es":"Estonia","fr":"Estonie","ja":"エストニア","it":"Estonia"},"name":"Estonia","callingCodes":["372"]},{"translations":{"br":"Etiópia","pt":"Etiópia","nl":"Ethiopië","hr":"Etiopija","fa":"اتیوپی","de":"Äthiopien","es":"Etiopía","fr":"Éthiopie","ja":"エチオピア","it":"Etiopia"},"name":"Ethiopia","callingCodes":["251"]},{"translations":{"br":"Ilhas Malvinas","pt":"Ilhas Falkland","nl":"Falklandeilanden [Islas Malvinas]","hr":"Falklandski Otoci","fa":"جزایر فالکلند","de":"Falklandinseln","es":"Islas Malvinas","fr":"Îles Malouines","ja":"フォークランド（マルビナス）諸島","it":"Isole Falkland o Isole Malvine"},"name":"Falkland Islands (Malvinas)","callingCodes":["500"]},{"translations":{"br":"Ilhas Faroé","pt":"Ilhas Faroé","nl":"Faeröer","hr":"Farski Otoci","fa":"جزایر فارو","de":"Färöer-Inseln","es":"Islas Faroe","fr":"Îles Féroé","ja":"フェロー諸島","it":"Isole Far Oer"},"name":"Faroe Islands","callingCodes":["298"]},{"translations":{"br":"Fiji","pt":"Fiji","nl":"Fiji","hr":"Fiđi","fa":"فیجی","de":"Fidschi","es":"Fiyi","fr":"Fidji","ja":"フィジー","it":"Figi"},"name":"Fiji","callingCodes":["679"]},{"translations":{"br":"Finlândia","pt":"Finlândia","nl":"Finland","hr":"Finska","fa":"فنلاند","de":"Finnland","es":"Finlandia","fr":"Finlande","ja":"フィンランド","it":"Finlandia"},"name":"Finland","callingCodes":["358"]},{"translations":{"br":"França","pt":"França","nl":"Frankrijk","hr":"Francuska","fa":"فرانسه","de":"Frankreich","es":"Francia","fr":"France","ja":"フランス","it":"Francia"},"name":"France","callingCodes":["33"]},{"translations":{"br":"Guiana Francesa","pt":"Guiana Francesa","nl":"Frans-Guyana","hr":"Francuska Gvajana","fa":"گویان فرانسه","de":"Französisch Guyana","es":"Guayana Francesa","fr":"Guayane","ja":"フランス領ギアナ","it":"Guyana francese"},"name":"French Guiana","callingCodes":["594"]},{"translations":{"br":"Polinésia Francesa","pt":"Polinésia Francesa","nl":"Frans-Polynesië","hr":"Francuska Polinezija","fa":"پلی‌نزی فرانسه","de":"Französisch-Polynesien","es":"Polinesia Francesa","fr":"Polynésie française","ja":"フランス領ポリネシア","it":"Polinesia Francese"},"name":"French Polynesia","callingCodes":["689"]},{"translations":{"br":"Terras Austrais e Antárticas Francesas","pt":"Terras Austrais e Antárticas Francesas","nl":"Franse Gebieden in de zuidelijke Indische Oceaan","hr":"Francuski južni i antarktički teritoriji","fa":"سرزمین‌های جنوبی و جنوبگانی فرانسه","de":"Französische Süd- und Antarktisgebiete","es":"Tierras Australes y Antárticas Francesas","fr":"Terres australes et antarctiques françaises","ja":"フランス領南方・南極地域","it":"Territori Francesi del Sud"},"name":"French Southern Territories","callingCodes":[""]},{"translations":{"br":"Gabão","pt":"Gabão","nl":"Gabon","hr":"Gabon","fa":"گابن","de":"Gabun","es":"Gabón","fr":"Gabon","ja":"ガボン","it":"Gabon"},"name":"Gabon","callingCodes":["241"]},{"translations":{"br":"Gâmbia","pt":"Gâmbia","nl":"Gambia","hr":"Gambija","fa":"گامبیا","de":"Gambia","es":"Gambia","fr":"Gambie","ja":"ガンビア","it":"Gambia"},"name":"Gambia","callingCodes":["220"]},{"translations":{"br":"Geórgia","pt":"Geórgia","nl":"Georgië","hr":"Gruzija","fa":"گرجستان","de":"Georgien","es":"Georgia","fr":"Géorgie","ja":"グルジア","it":"Georgia"},"name":"Georgia","callingCodes":["995"]},{"translations":{"br":"Alemanha","pt":"Alemanha","nl":"Duitsland","hr":"Njemačka","fa":"آلمان","de":"Deutschland","es":"Alemania","fr":"Allemagne","ja":"ドイツ","it":"Germania"},"name":"Germany","callingCodes":["49"]},{"translations":{"br":"Gana","pt":"Gana","nl":"Ghana","hr":"Gana","fa":"غنا","de":"Ghana","es":"Ghana","fr":"Ghana","ja":"ガーナ","it":"Ghana"},"name":"Ghana","callingCodes":["233"]},{"translations":{"br":"Gibraltar","pt":"Gibraltar","nl":"Gibraltar","hr":"Gibraltar","fa":"جبل‌طارق","de":"Gibraltar","es":"Gibraltar","fr":"Gibraltar","ja":"ジブラルタル","it":"Gibilterra"},"name":"Gibraltar","callingCodes":["350"]},{"translations":{"br":"Grécia","pt":"Grécia","nl":"Griekenland","hr":"Grčka","fa":"یونان","de":"Griechenland","es":"Grecia","fr":"Grèce","ja":"ギリシャ","it":"Grecia"},"name":"Greece","callingCodes":["30"]},{"translations":{"br":"Groelândia","pt":"Gronelândia","nl":"Groenland","hr":"Grenland","fa":"گرینلند","de":"Grönland","es":"Groenlandia","fr":"Groenland","ja":"グリーンランド","it":"Groenlandia"},"name":"Greenland","callingCodes":["299"]},{"translations":{"br":"Granada","pt":"Granada","nl":"Grenada","hr":"Grenada","fa":"گرنادا","de":"Grenada","es":"Grenada","fr":"Grenade","ja":"グレナダ","it":"Grenada"},"name":"Grenada","callingCodes":["1473"]},{"translations":{"br":"Guadalupe","pt":"Guadalupe","nl":"Guadeloupe","hr":"Gvadalupa","fa":"جزیره گوادلوپ","de":"Guadeloupe","es":"Guadalupe","fr":"Guadeloupe","ja":"グアドループ","it":"Guadeloupa"},"name":"Guadeloupe","callingCodes":["590"]},{"translations":{"br":"Guam","pt":"Guame","nl":"Guam","hr":"Guam","fa":"گوام","de":"Guam","es":"Guam","fr":"Guam","ja":"グアム","it":"Guam"},"name":"Guam","callingCodes":["1671"]},{"translations":{"br":"Guatemala","pt":"Guatemala","nl":"Guatemala","hr":"Gvatemala","fa":"گواتمالا","de":"Guatemala","es":"Guatemala","fr":"Guatemala","ja":"グアテマラ","it":"Guatemala"},"name":"Guatemala","callingCodes":["502"]},{"translations":{"br":"Guernsey","pt":"Guernsey","nl":"Guernsey","hr":"Guernsey","fa":"گرنزی","de":"Guernsey","es":"Guernsey","fr":"Guernesey","ja":"ガーンジー","it":"Guernsey"},"name":"Guernsey","callingCodes":["44"]},{"translations":{"br":"Guiné","pt":"Guiné","nl":"Guinee","hr":"Gvineja","fa":"گینه","de":"Guinea","es":"Guinea","fr":"Guinée","ja":"ギニア","it":"Guinea"},"name":"Guinea","callingCodes":["224"]},{"translations":{"br":"Guiné-Bissau","pt":"Guiné-Bissau","nl":"Guinee-Bissau","hr":"Gvineja Bisau","fa":"گینه بیسائو","de":"Guinea-Bissau","es":"Guinea-Bisáu","fr":"Guinée-Bissau","ja":"ギニアビサウ","it":"Guinea-Bissau"},"name":"Guinea-Bissau","callingCodes":["245"]},{"translations":{"br":"Guiana","pt":"Guiana","nl":"Guyana","hr":"Gvajana","fa":"گویان","de":"Guyana","es":"Guyana","fr":"Guyane","ja":"ガイアナ","it":"Guyana"},"name":"Guyana","callingCodes":["592"]},{"translations":{"br":"Haiti","pt":"Haiti","nl":"Haïti","hr":"Haiti","fa":"هائیتی","de":"Haiti","es":"Haiti","fr":"Haïti","ja":"ハイチ","it":"Haiti"},"name":"Haiti","callingCodes":["509"]},{"translations":{"br":"Ilha Heard e Ilhas McDonald","pt":"Ilha Heard e Ilhas McDonald","nl":"Heard- en McDonaldeilanden","hr":"Otok Heard i otočje McDonald","fa":"جزیره هرد و جزایر مک‌دونالد","de":"Heard und die McDonaldinseln","es":"Islas Heard y McDonald","fr":"Îles Heard-et-MacDonald","ja":"ハード島とマクドナルド諸島","it":"Isole Heard e McDonald"},"name":"Heard Island and McDonald Islands","callingCodes":[""]},{"translations":{"br":"Vaticano","pt":"Vaticano","nl":"Heilige Stoel","hr":"Sveta Stolica","fa":"سریر مقدس","de":"Heiliger Stuhl","es":"Santa Sede","fr":"voir Saint","ja":"聖座","it":"Santa Sede"},"name":"Holy See","callingCodes":["379"]},{"translations":{"br":"Honduras","pt":"Honduras","nl":"Honduras","hr":"Honduras","fa":"هندوراس","de":"Honduras","es":"Honduras","fr":"Honduras","ja":"ホンジュラス","it":"Honduras"},"name":"Honduras","callingCodes":["504"]},{"translations":{"br":"Hong Kong","pt":"Hong Kong","nl":"Hongkong","hr":"Hong Kong","fa":"هنگ‌کنگ","de":"Hong Kong","es":"Hong Kong","fr":"Hong Kong","ja":"香港","it":"Hong Kong"},"name":"Hong Kong","callingCodes":["852"]},{"translations":{"br":"Hungria","pt":"Hungria","nl":"Hongarije","hr":"Mađarska","fa":"مجارستان","de":"Ungarn","es":"Hungría","fr":"Hongrie","ja":"ハンガリー","it":"Ungheria"},"name":"Hungary","callingCodes":["36"]},{"translations":{"br":"Islândia","pt":"Islândia","nl":"IJsland","hr":"Island","fa":"ایسلند","de":"Island","es":"Islandia","fr":"Islande","ja":"アイスランド","it":"Islanda"},"name":"Iceland","callingCodes":["354"]},{"translations":{"br":"Índia","pt":"Índia","nl":"India","hr":"Indija","fa":"هند","de":"Indien","es":"India","fr":"Inde","ja":"インド","it":"India"},"name":"India","callingCodes":["91"]},{"translations":{"br":"Indonésia","pt":"Indonésia","nl":"Indonesië","hr":"Indonezija","fa":"اندونزی","de":"Indonesien","es":"Indonesia","fr":"Indonésie","ja":"インドネシア","it":"Indonesia"},"name":"Indonesia","callingCodes":["62"]},{"translations":{"br":"Costa do Marfim","pt":"Costa do Marfim","nl":"Ivoorkust","hr":"Obala Bjelokosti","fa":"ساحل عاج","de":"Elfenbeinküste","es":"Costa de Marfil","fr":"Côte d'Ivoire","ja":"コートジボワール","it":"Costa D'Avorio"},"name":"Côte d'Ivoire","callingCodes":["225"]},{"translations":{"br":"Irã","pt":"Irão","nl":"Iran","hr":"Iran","fa":"ایران","de":"Iran","es":"Iran","fr":"Iran","ja":"イラン・イスラム共和国"},"name":"Iran (Islamic Republic of)","callingCodes":["98"]},{"translations":{"br":"Iraque","pt":"Iraque","nl":"Irak","hr":"Irak","fa":"عراق","de":"Irak","es":"Irak","fr":"Irak","ja":"イラク","it":"Iraq"},"name":"Iraq","callingCodes":["964"]},{"translations":{"br":"Irlanda","pt":"Irlanda","nl":"Ierland","hr":"Irska","fa":"ایرلند","de":"Irland","es":"Irlanda","fr":"Irlande","ja":"アイルランド","it":"Irlanda"},"name":"Ireland","callingCodes":["353"]},{"translations":{"br":"Ilha de Man","pt":"Ilha de Man","nl":"Isle of Man","hr":"Otok Man","fa":"جزیره من","de":"Insel Man","es":"Isla de Man","fr":"Île de Man","ja":"マン島","it":"Isola di Man"},"name":"Isle of Man","callingCodes":["44"]},{"translations":{"br":"Israel","pt":"Israel","nl":"Israël","hr":"Izrael","fa":"اسرائیل","de":"Israel","es":"Israel","fr":"Israël","ja":"イスラエル","it":"Israele"},"name":"Israel","callingCodes":["972"]},{"translations":{"br":"Itália","pt":"Itália","nl":"Italië","hr":"Italija","fa":"ایتالیا","de":"Italien","es":"Italia","fr":"Italie","ja":"イタリア","it":"Italia"},"name":"Italy","callingCodes":["39"]},{"translations":{"br":"Jamaica","pt":"Jamaica","nl":"Jamaica","hr":"Jamajka","fa":"جامائیکا","de":"Jamaika","es":"Jamaica","fr":"Jamaïque","ja":"ジャマイカ","it":"Giamaica"},"name":"Jamaica","callingCodes":["1876"]},{"translations":{"br":"Japão","pt":"Japão","nl":"Japan","hr":"Japan","fa":"ژاپن","de":"Japan","es":"Japón","fr":"Japon","ja":"日本","it":"Giappone"},"name":"Japan","callingCodes":["81"]},{"translations":{"br":"Jersey","pt":"Jersey","nl":"Jersey","hr":"Jersey","fa":"جرزی","de":"Jersey","es":"Jersey","fr":"Jersey","ja":"ジャージー","it":"Isola di Jersey"},"name":"Jersey","callingCodes":["44"]},{"translations":{"br":"Jordânia","pt":"Jordânia","nl":"Jordanië","hr":"Jordan","fa":"اردن","de":"Jordanien","es":"Jordania","fr":"Jordanie","ja":"ヨルダン","it":"Giordania"},"name":"Jordan","callingCodes":["962"]},{"translations":{"br":"Cazaquistão","pt":"Cazaquistão","nl":"Kazachstan","hr":"Kazahstan","fa":"قزاقستان","de":"Kasachstan","es":"Kazajistán","fr":"Kazakhstan","ja":"カザフスタン","it":"Kazakistan"},"name":"Kazakhstan","callingCodes":["76","77"]},{"translations":{"br":"Quênia","pt":"Quénia","nl":"Kenia","hr":"Kenija","fa":"کنیا","de":"Kenia","es":"Kenia","fr":"Kenya","ja":"ケニア","it":"Kenya"},"name":"Kenya","callingCodes":["254"]},{"translations":{"br":"Kiribati","pt":"Quiribáti","nl":"Kiribati","hr":"Kiribati","fa":"کیریباتی","de":"Kiribati","es":"Kiribati","fr":"Kiribati","ja":"キリバス","it":"Kiribati"},"name":"Kiribati","callingCodes":["686"]},{"translations":{"br":"Kuwait","pt":"Kuwait","nl":"Koeweit","hr":"Kuvajt","fa":"کویت","de":"Kuwait","es":"Kuwait","fr":"Koweït","ja":"クウェート","it":"Kuwait"},"name":"Kuwait","callingCodes":["965"]},{"translations":{"br":"Quirguistão","pt":"Quirguizistão","nl":"Kirgizië","hr":"Kirgistan","fa":"قرقیزستان","de":"Kirgisistan","es":"Kirguizistán","fr":"Kirghizistan","ja":"キルギス","it":"Kirghizistan"},"name":"Kyrgyzstan","callingCodes":["996"]},{"translations":{"br":"Laos","pt":"Laos","nl":"Laos","hr":"Laos","fa":"لائوس","de":"Laos","es":"Laos","fr":"Laos","ja":"ラオス人民民主共和国","it":"Laos"},"name":"Lao People's Democratic Republic","callingCodes":["856"]},{"translations":{"br":"Letônia","pt":"Letónia","nl":"Letland","hr":"Latvija","fa":"لتونی","de":"Lettland","es":"Letonia","fr":"Lettonie","ja":"ラトビア","it":"Lettonia"},"name":"Latvia","callingCodes":["371"]},{"translations":{"br":"Líbano","pt":"Líbano","nl":"Libanon","hr":"Libanon","fa":"لبنان","de":"Libanon","es":"Líbano","fr":"Liban","ja":"レバノン","it":"Libano"},"name":"Lebanon","callingCodes":["961"]},{"translations":{"br":"Lesoto","pt":"Lesoto","nl":"Lesotho","hr":"Lesoto","fa":"لسوتو","de":"Lesotho","es":"Lesotho","fr":"Lesotho","ja":"レソト","it":"Lesotho"},"name":"Lesotho","callingCodes":["266"]},{"translations":{"br":"Libéria","pt":"Libéria","nl":"Liberia","hr":"Liberija","fa":"لیبریا","de":"Liberia","es":"Liberia","fr":"Liberia","ja":"リベリア","it":"Liberia"},"name":"Liberia","callingCodes":["231"]},{"translations":{"br":"Líbia","pt":"Líbia","nl":"Libië","hr":"Libija","fa":"لیبی","de":"Libyen","es":"Libia","fr":"Libye","ja":"リビア","it":"Libia"},"name":"Libya","callingCodes":["218"]},{"translations":{"br":"Liechtenstein","pt":"Listenstaine","nl":"Liechtenstein","hr":"Lihtenštajn","fa":"لیختن‌اشتاین","de":"Liechtenstein","es":"Liechtenstein","fr":"Liechtenstein","ja":"リヒテンシュタイン","it":"Liechtenstein"},"name":"Liechtenstein","callingCodes":["423"]},{"translations":{"br":"Lituânia","pt":"Lituânia","nl":"Litouwen","hr":"Litva","fa":"لیتوانی","de":"Litauen","es":"Lituania","fr":"Lituanie","ja":"リトアニア","it":"Lituania"},"name":"Lithuania","callingCodes":["370"]},{"translations":{"br":"Luxemburgo","pt":"Luxemburgo","nl":"Luxemburg","hr":"Luksemburg","fa":"لوکزامبورگ","de":"Luxemburg","es":"Luxemburgo","fr":"Luxembourg","ja":"ルクセンブルク","it":"Lussemburgo"},"name":"Luxembourg","callingCodes":["352"]},{"translations":{"br":"Macau","pt":"Macau","nl":"Macao","hr":"Makao","fa":"مکائو","de":"Macao","es":"Macao","fr":"Macao","ja":"マカオ","it":"Macao"},"name":"Macao","callingCodes":["853"]},{"translations":{"br":"Macedônia","pt":"Macedónia","nl":"Macedonië","hr":"Makedonija","fa":"","de":"Mazedonien","es":"Macedonia","fr":"Macédoine","ja":"マケドニア旧ユーゴスラビア共和国","it":"Macedonia"},"name":"Macedonia (the former Yugoslav Republic of)","callingCodes":["389"]},{"translations":{"br":"Madagascar","pt":"Madagáscar","nl":"Madagaskar","hr":"Madagaskar","fa":"ماداگاسکار","de":"Madagaskar","es":"Madagascar","fr":"Madagascar","ja":"マダガスカル","it":"Madagascar"},"name":"Madagascar","callingCodes":["261"]},{"translations":{"br":"Malawi","pt":"Malávi","nl":"Malawi","hr":"Malavi","fa":"مالاوی","de":"Malawi","es":"Malawi","fr":"Malawi","ja":"マラウイ","it":"Malawi"},"name":"Malawi","callingCodes":["265"]},{"translations":{"br":"Malásia","pt":"Malásia","nl":"Maleisië","hr":"Malezija","fa":"مالزی","de":"Malaysia","es":"Malasia","fr":"Malaisie","ja":"マレーシア","it":"Malesia"},"name":"Malaysia","callingCodes":["60"]},{"translations":{"br":"Maldivas","pt":"Maldivas","nl":"Maldiven","hr":"Maldivi","fa":"مالدیو","de":"Malediven","es":"Maldivas","fr":"Maldives","ja":"モルディブ","it":"Maldive"},"name":"Maldives","callingCodes":["960"]},{"translations":{"br":"Mali","pt":"Mali","nl":"Mali","hr":"Mali","fa":"مالی","de":"Mali","es":"Mali","fr":"Mali","ja":"マリ","it":"Mali"},"name":"Mali","callingCodes":["223"]},{"translations":{"br":"Malta","pt":"Malta","nl":"Malta","hr":"Malta","fa":"مالت","de":"Malta","es":"Malta","fr":"Malte","ja":"マルタ","it":"Malta"},"name":"Malta","callingCodes":["356"]},{"translations":{"br":"Ilhas Marshall","pt":"Ilhas Marshall","nl":"Marshalleilanden","hr":"Maršalovi Otoci","fa":"جزایر مارشال","de":"Marshallinseln","es":"Islas Marshall","fr":"Îles Marshall","ja":"マーシャル諸島","it":"Isole Marshall"},"name":"Marshall Islands","callingCodes":["692"]},{"translations":{"br":"Martinica","pt":"Martinica","nl":"Martinique","hr":"Martinique","fa":"مونتسرات","de":"Martinique","es":"Martinica","fr":"Martinique","ja":"マルティニーク","it":"Martinica"},"name":"Martinique","callingCodes":["596"]},{"translations":{"br":"Mauritânia","pt":"Mauritânia","nl":"Mauritanië","hr":"Mauritanija","fa":"موریتانی","de":"Mauretanien","es":"Mauritania","fr":"Mauritanie","ja":"モーリタニア","it":"Mauritania"},"name":"Mauritania","callingCodes":["222"]},{"translations":{"br":"Maurício","pt":"Maurícia","nl":"Mauritius","hr":"Mauricijus","fa":"موریس","de":"Mauritius","es":"Mauricio","fr":"Île Maurice","ja":"モーリシャス","it":"Mauritius"},"name":"Mauritius","callingCodes":["230"]},{"translations":{"br":"Mayotte","pt":"Mayotte","nl":"Mayotte","hr":"Mayotte","fa":"مایوت","de":"Mayotte","es":"Mayotte","fr":"Mayotte","ja":"マヨット","it":"Mayotte"},"name":"Mayotte","callingCodes":["262"]},{"translations":{"br":"México","pt":"México","nl":"Mexico","hr":"Meksiko","fa":"مکزیک","de":"Mexiko","es":"México","fr":"Mexique","ja":"メキシコ","it":"Messico"},"name":"Mexico","callingCodes":["52"]},{"translations":{"br":"Micronésia","pt":"Micronésia","nl":"Micronesië","hr":"Mikronezija","fa":"ایالات فدرال میکرونزی","de":"Mikronesien","es":"Micronesia","fr":"Micronésie","ja":"ミクロネシア連邦","it":"Micronesia"},"name":"Micronesia (Federated States of)","callingCodes":["691"]},{"translations":{"br":"Moldávia","pt":"Moldávia","nl":"Moldavië","hr":"Moldova","fa":"مولداوی","de":"Moldawie","es":"Moldavia","fr":"Moldavie","ja":"モルドバ共和国","it":"Moldavia"},"name":"Moldova (Republic of)","callingCodes":["373"]},{"translations":{"br":"Mônaco","pt":"Mónaco","nl":"Monaco","hr":"Monako","fa":"موناکو","de":"Monaco","es":"Mónaco","fr":"Monaco","ja":"モナコ","it":"Principato di Monaco"},"name":"Monaco","callingCodes":["377"]},{"translations":{"br":"Mongólia","pt":"Mongólia","nl":"Mongolië","hr":"Mongolija","fa":"مغولستان","de":"Mongolei","es":"Mongolia","fr":"Mongolie","ja":"モンゴル","it":"Mongolia"},"name":"Mongolia","callingCodes":["976"]},{"translations":{"br":"Montenegro","pt":"Montenegro","nl":"Montenegro","hr":"Crna Gora","fa":"مونته‌نگرو","de":"Montenegro","es":"Montenegro","fr":"Monténégro","ja":"モンテネグロ","it":"Montenegro"},"name":"Montenegro","callingCodes":["382"]},{"translations":{"br":"Montserrat","pt":"Monserrate","nl":"Montserrat","hr":"Montserrat","fa":"مایوت","de":"Montserrat","es":"Montserrat","fr":"Montserrat","ja":"モントセラト","it":"Montserrat"},"name":"Montserrat","callingCodes":["1664"]},{"translations":{"br":"Marrocos","pt":"Marrocos","nl":"Marokko","hr":"Maroko","fa":"مراکش","de":"Marokko","es":"Marruecos","fr":"Maroc","ja":"モロッコ","it":"Marocco"},"name":"Morocco","callingCodes":["212"]},{"translations":{"br":"Moçambique","pt":"Moçambique","nl":"Mozambique","hr":"Mozambik","fa":"موزامبیک","de":"Mosambik","es":"Mozambique","fr":"Mozambique","ja":"モザンビーク","it":"Mozambico"},"name":"Mozambique","callingCodes":["258"]},{"translations":{"br":"Myanmar","pt":"Myanmar","nl":"Myanmar","hr":"Mijanmar","fa":"میانمار","de":"Myanmar","es":"Myanmar","fr":"Myanmar","ja":"ミャンマー","it":"Birmania"},"name":"Myanmar","callingCodes":["95"]},{"translations":{"br":"Namíbia","pt":"Namíbia","nl":"Namibië","hr":"Namibija","fa":"نامیبیا","de":"Namibia","es":"Namibia","fr":"Namibie","ja":"ナミビア","it":"Namibia"},"name":"Namibia","callingCodes":["264"]},{"translations":{"br":"Nauru","pt":"Nauru","nl":"Nauru","hr":"Nauru","fa":"نائورو","de":"Nauru","es":"Nauru","fr":"Nauru","ja":"ナウル","it":"Nauru"},"name":"Nauru","callingCodes":["674"]},{"translations":{"br":"Nepal","pt":"Nepal","nl":"Nepal","hr":"Nepal","fa":"نپال","de":"Népal","es":"Nepal","fr":"Népal","ja":"ネパール","it":"Nepal"},"name":"Nepal","callingCodes":["977"]},{"translations":{"br":"Holanda","pt":"Países Baixos","nl":"Nederland","hr":"Nizozemska","fa":"پادشاهی هلند","de":"Niederlande","es":"Países Bajos","fr":"Pays-Bas","ja":"オランダ","it":"Paesi Bassi"},"name":"Netherlands","callingCodes":["31"]},{"translations":{"br":"Nova Caledônia","pt":"Nova Caledónia","nl":"Nieuw-Caledonië","hr":"Nova Kaledonija","fa":"کالدونیای جدید","de":"Neukaledonien","es":"Nueva Caledonia","fr":"Nouvelle-Calédonie","ja":"ニューカレドニア","it":"Nuova Caledonia"},"name":"New Caledonia","callingCodes":["687"]},{"translations":{"br":"Nova Zelândia","pt":"Nova Zelândia","nl":"Nieuw-Zeeland","hr":"Novi Zeland","fa":"نیوزیلند","de":"Neuseeland","es":"Nueva Zelanda","fr":"Nouvelle-Zélande","ja":"ニュージーランド","it":"Nuova Zelanda"},"name":"New Zealand","callingCodes":["64"]},{"translations":{"br":"Nicarágua","pt":"Nicarágua","nl":"Nicaragua","hr":"Nikaragva","fa":"نیکاراگوئه","de":"Nicaragua","es":"Nicaragua","fr":"Nicaragua","ja":"ニカラグア","it":"Nicaragua"},"name":"Nicaragua","callingCodes":["505"]},{"translations":{"br":"Níger","pt":"Níger","nl":"Niger","hr":"Niger","fa":"نیجر","de":"Niger","es":"Níger","fr":"Niger","ja":"ニジェール","it":"Niger"},"name":"Niger","callingCodes":["227"]},{"translations":{"br":"Nigéria","pt":"Nigéria","nl":"Nigeria","hr":"Nigerija","fa":"نیجریه","de":"Nigeria","es":"Nigeria","fr":"Nigéria","ja":"ナイジェリア","it":"Nigeria"},"name":"Nigeria","callingCodes":["234"]},{"translations":{"br":"Niue","pt":"Niue","nl":"Niue","hr":"Niue","fa":"نیووی","de":"Niue","es":"Niue","fr":"Niue","ja":"ニウエ","it":"Niue"},"name":"Niue","callingCodes":["683"]},{"translations":{"br":"Ilha Norfolk","pt":"Ilha Norfolk","nl":"Norfolkeiland","hr":"Otok Norfolk","fa":"جزیره نورفک","de":"Norfolkinsel","es":"Isla de Norfolk","fr":"Île de Norfolk","ja":"ノーフォーク島","it":"Isola Norfolk"},"name":"Norfolk Island","callingCodes":["672"]},{"translations":{"br":"Coreia do Norte","pt":"Coreia do Norte","nl":"Noord-Korea","hr":"Sjeverna Koreja","fa":"کره جنوبی","de":"Nordkorea","es":"Corea del Norte","fr":"Corée du Nord","ja":"朝鮮民主主義人民共和国","it":"Corea del Nord"},"name":"Korea (Democratic People's Republic of)","callingCodes":["850"]},{"translations":{"br":"Ilhas Marianas","pt":"Ilhas Marianas","nl":"Noordelijke Marianeneilanden","hr":"Sjevernomarijanski otoci","fa":"جزایر ماریانای شمالی","de":"Nördliche Marianen","es":"Islas Marianas del Norte","fr":"Îles Mariannes du Nord","ja":"北マリアナ諸島","it":"Isole Marianne Settentrionali"},"name":"Northern Mariana Islands","callingCodes":["1670"]},{"translations":{"br":"Noruega","pt":"Noruega","nl":"Noorwegen","hr":"Norveška","fa":"نروژ","de":"Norwegen","es":"Noruega","fr":"Norvège","ja":"ノルウェー","it":"Norvegia"},"name":"Norway","callingCodes":["47"]},{"translations":{"br":"Omã","pt":"Omã","nl":"Oman","hr":"Oman","fa":"عمان","de":"Oman","es":"Omán","fr":"Oman","ja":"オマーン","it":"oman"},"name":"Oman","callingCodes":["968"]},{"translations":{"br":"Paquistão","pt":"Paquistão","nl":"Pakistan","hr":"Pakistan","fa":"پاکستان","de":"Pakistan","es":"Pakistán","fr":"Pakistan","ja":"パキスタン","it":"Pakistan"},"name":"Pakistan","callingCodes":["92"]},{"translations":{"br":"Palau","pt":"Palau","nl":"Palau","hr":"Palau","fa":"پالائو","de":"Palau","es":"Palau","fr":"Palaos","ja":"パラオ","it":"Palau"},"name":"Palau","callingCodes":["680"]},{"translations":{"br":"Palestina","pt":"Palestina","nl":"Palestijnse gebieden","hr":"Palestina","fa":"فلسطین","de":"Palästina","es":"Palestina","fr":"Palestine","ja":"パレスチナ","it":"Palestina"},"name":"Palestine, State of","callingCodes":["970"]},{"translations":{"br":"Panamá","pt":"Panamá","nl":"Panama","hr":"Panama","fa":"پاناما","de":"Panama","es":"Panamá","fr":"Panama","ja":"パナマ","it":"Panama"},"name":"Panama","callingCodes":["507"]},{"translations":{"br":"Papua Nova Guiné","pt":"Papua Nova Guiné","nl":"Papoea-Nieuw-Guinea","hr":"Papua Nova Gvineja","fa":"پاپوآ گینه نو","de":"Papua-Neuguinea","es":"Papúa Nueva Guinea","fr":"Papouasie-Nouvelle-Guinée","ja":"パプアニューギニア","it":"Papua Nuova Guinea"},"name":"Papua New Guinea","callingCodes":["675"]},{"translations":{"br":"Paraguai","pt":"Paraguai","nl":"Paraguay","hr":"Paragvaj","fa":"پاراگوئه","de":"Paraguay","es":"Paraguay","fr":"Paraguay","ja":"パラグアイ","it":"Paraguay"},"name":"Paraguay","callingCodes":["595"]},{"translations":{"br":"Peru","pt":"Peru","nl":"Peru","hr":"Peru","fa":"پرو","de":"Peru","es":"Perú","fr":"Pérou","ja":"ペルー","it":"Perù"},"name":"Peru","callingCodes":["51"]},{"translations":{"br":"Filipinas","pt":"Filipinas","nl":"Filipijnen","hr":"Filipini","fa":"جزایر الندفیلیپین","de":"Philippinen","es":"Filipinas","fr":"Philippines","ja":"フィリピン","it":"Filippine"},"name":"Philippines","callingCodes":["63"]},{"translations":{"br":"Ilhas Pitcairn","pt":"Ilhas Picárnia","nl":"Pitcairneilanden","hr":"Pitcairnovo otočje","fa":"پیتکرن","de":"Pitcairn","es":"Islas Pitcairn","fr":"Îles Pitcairn","ja":"ピトケアン","it":"Isole Pitcairn"},"name":"Pitcairn","callingCodes":["64"]},{"translations":{"br":"Polônia","pt":"Polónia","nl":"Polen","hr":"Poljska","fa":"لهستان","de":"Polen","es":"Polonia","fr":"Pologne","ja":"ポーランド","it":"Polonia"},"name":"Poland","callingCodes":["48"]},{"translations":{"br":"Portugal","pt":"Portugal","nl":"Portugal","hr":"Portugal","fa":"پرتغال","de":"Portugal","es":"Portugal","fr":"Portugal","ja":"ポルトガル","it":"Portogallo"},"name":"Portugal","callingCodes":["351"]},{"translations":{"br":"Porto Rico","pt":"Porto Rico","nl":"Puerto Rico","hr":"Portoriko","fa":"پورتو ریکو","de":"Puerto Rico","es":"Puerto Rico","fr":"Porto Rico","ja":"プエルトリコ","it":"Porto Rico"},"name":"Puerto Rico","callingCodes":["1787","1939"]},{"translations":{"br":"Catar","pt":"Catar","nl":"Qatar","hr":"Katar","fa":"قطر","de":"Katar","es":"Catar","fr":"Qatar","ja":"カタール","it":"Qatar"},"name":"Qatar","callingCodes":["974"]},{"translations":{"br":"Kosovo","pt":"Kosovo","hr":"Kosovo","fa":"کوزوو","es":"Kosovo"},"name":"Republic of Kosovo","callingCodes":["383"]},{"translations":{"br":"Reunião","pt":"Reunião","nl":"Réunion","hr":"Réunion","fa":"رئونیون","de":"Réunion","es":"Reunión","fr":"Réunion","ja":"レユニオン","it":"Riunione"},"name":"Réunion","callingCodes":["262"]},{"translations":{"br":"Romênia","pt":"Roménia","nl":"Roemenië","hr":"Rumunjska","fa":"رومانی","de":"Rumänien","es":"Rumania","fr":"Roumanie","ja":"ルーマニア","it":"Romania"},"name":"Romania","callingCodes":["40"]},{"translations":{"br":"Rússia","pt":"Rússia","nl":"Rusland","hr":"Rusija","fa":"روسیه","de":"Russland","es":"Rusia","fr":"Russie","ja":"ロシア連邦","it":"Russia"},"name":"Russian Federation","callingCodes":["7"]},{"translations":{"br":"Ruanda","pt":"Ruanda","nl":"Rwanda","hr":"Ruanda","fa":"رواندا","de":"Ruanda","es":"Ruanda","fr":"Rwanda","ja":"ルワンダ","it":"Ruanda"},"name":"Rwanda","callingCodes":["250"]},{"translations":{"br":"São Bartolomeu","pt":"São Bartolomeu","nl":"Saint Barthélemy","hr":"Saint Barthélemy","fa":"سن-بارتلمی","de":"Saint-Barthélemy","es":"San Bartolomé","fr":"Saint-Barthélemy","ja":"サン・バルテルミー","it":"Antille Francesi"},"name":"Saint Barthélemy","callingCodes":["590"]},{"translations":{"br":"Santa Helena","pt":"Santa Helena","nl":"Sint-Helena","hr":"Sveta Helena","fa":"سنت هلنا، اسنشن و تریستان دا کونا","de":"Sankt Helena","es":"Santa Helena","fr":"Sainte-Hélène","ja":"セントヘレナ・アセンションおよびトリスタンダクーニャ","it":"Sant'Elena"},"name":"Saint Helena, Ascension and Tristan da Cunha","callingCodes":["290"]},{"translations":{"br":"São Cristóvão e Neves","pt":"São Cristóvão e Neves","nl":"Saint Kitts en Nevis","hr":"Sveti Kristof i Nevis","fa":"سنت کیتس و نویس","de":"St. Kitts und Nevis","es":"San Cristóbal y Nieves","fr":"Saint-Christophe-et-Niévès","ja":"セントクリストファー・ネイビス","it":"Saint Kitts e Nevis"},"name":"Saint Kitts and Nevis","callingCodes":["1869"]},{"translations":{"br":"Santa Lúcia","pt":"Santa Lúcia","nl":"Saint Lucia","hr":"Sveta Lucija","fa":"سنت لوسیا","de":"Saint Lucia","es":"Santa Lucía","fr":"Saint-Lucie","ja":"セントルシア","it":"Santa Lucia"},"name":"Saint Lucia","callingCodes":["1758"]},{"translations":{"br":"Saint Martin","pt":"Ilha São Martinho","nl":"Saint-Martin","hr":"Sveti Martin","fa":"سینت مارتن","de":"Saint Martin","es":"Saint Martin","fr":"Saint-Martin","ja":"サン・マルタン（フランス領）","it":"Saint Martin"},"name":"Saint Martin (French part)","callingCodes":["590"]},{"translations":{"br":"Saint-Pierre e Miquelon","pt":"São Pedro e Miquelon","nl":"Saint Pierre en Miquelon","hr":"Sveti Petar i Mikelon","fa":"سن پیر و میکلن","de":"Saint-Pierre und Miquelon","es":"San Pedro y Miquelón","fr":"Saint-Pierre-et-Miquelon","ja":"サンピエール島・ミクロン島","it":"Saint-Pierre e Miquelon"},"name":"Saint Pierre and Miquelon","callingCodes":["508"]},{"translations":{"br":"São Vicente e Granadinas","pt":"São Vicente e Granadinas","nl":"Saint Vincent en de Grenadines","hr":"Sveti Vincent i Grenadini","fa":"سنت وینسنت و گرنادین‌ها","de":"Saint Vincent und die Grenadinen","es":"San Vicente y Granadinas","fr":"Saint-Vincent-et-les-Grenadines","ja":"セントビンセントおよびグレナディーン諸島","it":"Saint Vincent e Grenadine"},"name":"Saint Vincent and the Grenadines","callingCodes":["1784"]},{"translations":{"br":"Samoa","pt":"Samoa","nl":"Samoa","hr":"Samoa","fa":"ساموآ","de":"Samoa","es":"Samoa","fr":"Samoa","ja":"サモア","it":"Samoa"},"name":"Samoa","callingCodes":["685"]},{"translations":{"br":"San Marino","pt":"São Marinho","nl":"San Marino","hr":"San Marino","fa":"سان مارینو","de":"San Marino","es":"San Marino","fr":"Saint-Marin","ja":"サンマリノ","it":"San Marino"},"name":"San Marino","callingCodes":["378"]},{"translations":{"br":"São Tomé e Príncipe","pt":"São Tomé e Príncipe","nl":"Sao Tomé en Principe","hr":"Sveti Toma i Princip","fa":"کواترو دو فرویرو","de":"São Tomé und Príncipe","es":"Santo Tomé y Príncipe","fr":"Sao Tomé-et-Principe","ja":"サントメ・プリンシペ","it":"São Tomé e Príncipe"},"name":"Sao Tome and Principe","callingCodes":["239"]},{"translations":{"br":"Arábia Saudita","pt":"Arábia Saudita","nl":"Saoedi-Arabië","hr":"Saudijska Arabija","fa":"عربستان سعودی","de":"Saudi-Arabien","es":"Arabia Saudí","fr":"Arabie Saoudite","ja":"サウジアラビア","it":"Arabia Saudita"},"name":"Saudi Arabia","callingCodes":["966"]},{"translations":{"br":"Senegal","pt":"Senegal","nl":"Senegal","hr":"Senegal","fa":"سنگال","de":"Senegal","es":"Senegal","fr":"Sénégal","ja":"セネガル","it":"Senegal"},"name":"Senegal","callingCodes":["221"]},{"translations":{"br":"Sérvia","pt":"Sérvia","nl":"Servië","hr":"Srbija","fa":"صربستان","de":"Serbien","es":"Serbia","fr":"Serbie","ja":"セルビア","it":"Serbia"},"name":"Serbia","callingCodes":["381"]},{"translations":{"br":"Seicheles","pt":"Seicheles","nl":"Seychellen","hr":"Sejšeli","fa":"سیشل","de":"Seychellen","es":"Seychelles","fr":"Seychelles","ja":"セーシェル","it":"Seychelles"},"name":"Seychelles","callingCodes":["248"]},{"translations":{"br":"Serra Leoa","pt":"Serra Leoa","nl":"Sierra Leone","hr":"Sijera Leone","fa":"سیرالئون","de":"Sierra Leone","es":"Sierra Leone","fr":"Sierra Leone","ja":"シエラレオネ","it":"Sierra Leone"},"name":"Sierra Leone","callingCodes":["232"]},{"translations":{"br":"Singapura","pt":"Singapura","nl":"Singapore","hr":"Singapur","fa":"سنگاپور","de":"Singapur","es":"Singapur","fr":"Singapour","ja":"シンガポール","it":"Singapore"},"name":"Singapore","callingCodes":["65"]},{"translations":{"br":"Sint Maarten","pt":"São Martinho","nl":"Sint Maarten","fa":"سینت مارتن","de":"Sint Maarten (niederl. Teil)","fr":"Saint Martin (partie néerlandaise)","it":"Saint Martin (parte olandese)"},"name":"Sint Maarten (Dutch part)","callingCodes":["1721"]},{"translations":{"br":"Eslováquia","pt":"Eslováquia","nl":"Slowakije","hr":"Slovačka","fa":"اسلواکی","de":"Slowakei","es":"República Eslovaca","fr":"Slovaquie","ja":"スロバキア","it":"Slovacchia"},"name":"Slovakia","callingCodes":["421"]},{"translations":{"br":"Eslovênia","pt":"Eslovénia","nl":"Slovenië","hr":"Slovenija","fa":"اسلوونی","de":"Slowenien","es":"Eslovenia","fr":"Slovénie","ja":"スロベニア","it":"Slovenia"},"name":"Slovenia","callingCodes":["386"]},{"translations":{"br":"Ilhas Salomão","pt":"Ilhas Salomão","nl":"Salomonseilanden","hr":"Solomonski Otoci","fa":"جزایر سلیمان","de":"Salomonen","es":"Islas Salomón","fr":"Îles Salomon","ja":"ソロモン諸島","it":"Isole Salomone"},"name":"Solomon Islands","callingCodes":["677"]},{"translations":{"br":"Somália","pt":"Somália","nl":"Somalië","hr":"Somalija","fa":"سومالی","de":"Somalia","es":"Somalia","fr":"Somalie","ja":"ソマリア","it":"Somalia"},"name":"Somalia","callingCodes":["252"]},{"translations":{"br":"República Sul-Africana","pt":"República Sul-Africana","nl":"Zuid-Afrika","hr":"Južnoafrička Republika","fa":"آفریقای جنوبی","de":"Republik Südafrika","es":"República de Sudáfrica","fr":"Afrique du Sud","ja":"南アフリカ","it":"Sud Africa"},"name":"South Africa","callingCodes":["27"]},{"translations":{"br":"Ilhas Geórgias do Sul e Sandwich do Sul","pt":"Ilhas Geórgia do Sul e Sanduíche do Sul","nl":"Zuid-Georgia en Zuidelijke Sandwicheilanden","hr":"Južna Georgija i otočje Južni Sandwich","fa":"جزایر جورجیای جنوبی و ساندویچ جنوبی","de":"Südgeorgien und die Südlichen Sandwichinseln","es":"Islas Georgias del Sur y Sandwich del Sur","fr":"Géorgie du Sud-et-les Îles Sandwich du Sud","ja":"サウスジョージア・サウスサンドウィッチ諸島","it":"Georgia del Sud e Isole Sandwich Meridionali"},"name":"South Georgia and the South Sandwich Islands","callingCodes":["500"]},{"translations":{"br":"Coreia do Sul","pt":"Coreia do Sul","nl":"Zuid-Korea","hr":"Južna Koreja","fa":"کره شمالی","de":"Südkorea","es":"Corea del Sur","fr":"Corée du Sud","ja":"大韓民国","it":"Corea del Sud"},"name":"Korea (Republic of)","callingCodes":["82"]},{"translations":{"br":"Sudão do Sul","pt":"Sudão do Sul","nl":"Zuid-Soedan","hr":"Južni Sudan","fa":"سودان جنوبی","de":"Südsudan","es":"Sudán del Sur","fr":"Soudan du Sud","ja":"南スーダン","it":"Sudan del sud"},"name":"South Sudan","callingCodes":["211"]},{"translations":{"br":"Espanha","pt":"Espanha","nl":"Spanje","hr":"Španjolska","fa":"اسپانیا","de":"Spanien","es":"España","fr":"Espagne","ja":"スペイン","it":"Spagna"},"name":"Spain","callingCodes":["34"]},{"translations":{"br":"Sri Lanka","pt":"Sri Lanka","nl":"Sri Lanka","hr":"Šri Lanka","fa":"سری‌لانکا","de":"Sri Lanka","es":"Sri Lanka","fr":"Sri Lanka","ja":"スリランカ","it":"Sri Lanka"},"name":"Sri Lanka","callingCodes":["94"]},{"translations":{"br":"Sudão","pt":"Sudão","nl":"Soedan","hr":"Sudan","fa":"سودان","de":"Sudan","es":"Sudán","fr":"Soudan","ja":"スーダン","it":"Sudan"},"name":"Sudan","callingCodes":["249"]},{"translations":{"br":"Suriname","pt":"Suriname","nl":"Suriname","hr":"Surinam","fa":"سورینام","de":"Suriname","es":"Surinam","fr":"Surinam","ja":"スリナム","it":"Suriname"},"name":"Suriname","callingCodes":["597"]},{"translations":{"br":"Svalbard","pt":"Svalbard","nl":"Svalbard en Jan Mayen","hr":"Svalbard i Jan Mayen","fa":"سوالبارد و یان ماین","de":"Svalbard und Jan Mayen","es":"Islas Svalbard y Jan Mayen","fr":"Svalbard et Jan Mayen","ja":"スヴァールバル諸島およびヤンマイエン島","it":"Svalbard e Jan Mayen"},"name":"Svalbard and Jan Mayen","callingCodes":["4779"]},{"translations":{"br":"Suazilândia","pt":"Suazilândia","nl":"Swaziland","hr":"Svazi","fa":"سوازیلند","de":"Swasiland","es":"Suazilandia","fr":"Swaziland","ja":"スワジランド","it":"Swaziland"},"name":"Swaziland","callingCodes":["268"]},{"translations":{"br":"Suécia","pt":"Suécia","nl":"Zweden","hr":"Švedska","fa":"سوئد","de":"Schweden","es":"Suecia","fr":"Suède","ja":"スウェーデン","it":"Svezia"},"name":"Sweden","callingCodes":["46"]},{"translations":{"br":"Suíça","pt":"Suíça","nl":"Zwitserland","hr":"Švicarska","fa":"سوئیس","de":"Schweiz","es":"Suiza","fr":"Suisse","ja":"スイス","it":"Svizzera"},"name":"Switzerland","callingCodes":["41"]},{"translations":{"br":"Síria","pt":"Síria","nl":"Syrië","hr":"Sirija","fa":"سوریه","de":"Syrien","es":"Siria","fr":"Syrie","ja":"シリア・アラブ共和国","it":"Siria"},"name":"Syrian Arab Republic","callingCodes":["963"]},{"translations":{"br":"Taiwan","pt":"Taiwan","nl":"Taiwan","hr":"Tajvan","fa":"تایوان","de":"Taiwan","es":"Taiwán","fr":"Taïwan","ja":"台湾（中華民国）","it":"Taiwan"},"name":"Taiwan","callingCodes":["886"]},{"translations":{"br":"Tajiquistão","pt":"Tajiquistão","nl":"Tadzjikistan","hr":"Tađikistan","fa":"تاجیکستان","de":"Tadschikistan","es":"Tayikistán","fr":"Tadjikistan","ja":"タジキスタン","it":"Tagikistan"},"name":"Tajikistan","callingCodes":["992"]},{"translations":{"br":"Tanzânia","pt":"Tanzânia","nl":"Tanzania","hr":"Tanzanija","fa":"تانزانیا","de":"Tansania","es":"Tanzania","fr":"Tanzanie","ja":"タンザニア","it":"Tanzania"},"name":"Tanzania, United Republic of","callingCodes":["255"]},{"translations":{"br":"Tailândia","pt":"Tailândia","nl":"Thailand","hr":"Tajland","fa":"تایلند","de":"Thailand","es":"Tailandia","fr":"Thaïlande","ja":"タイ","it":"Tailandia"},"name":"Thailand","callingCodes":["66"]},{"translations":{"br":"Timor Leste","pt":"Timor Leste","nl":"Oost-Timor","hr":"Istočni Timor","fa":"تیمور شرقی","de":"Timor-Leste","es":"Timor Oriental","fr":"Timor oriental","ja":"東ティモール","it":"Timor Est"},"name":"Timor-Leste","callingCodes":["670"]},{"translations":{"br":"Togo","pt":"Togo","nl":"Togo","hr":"Togo","fa":"توگو","de":"Togo","es":"Togo","fr":"Togo","ja":"トーゴ","it":"Togo"},"name":"Togo","callingCodes":["228"]},{"translations":{"br":"Tokelau","pt":"Toquelau","nl":"Tokelau","hr":"Tokelau","fa":"توکلائو","de":"Tokelau","es":"Islas Tokelau","fr":"Tokelau","ja":"トケラウ","it":"Isole Tokelau"},"name":"Tokelau","callingCodes":["690"]},{"translations":{"br":"Tonga","pt":"Tonga","nl":"Tonga","hr":"Tonga","fa":"تونگا","de":"Tonga","es":"Tonga","fr":"Tonga","ja":"トンガ","it":"Tonga"},"name":"Tonga","callingCodes":["676"]},{"translations":{"br":"Trinidad e Tobago","pt":"Trindade e Tobago","nl":"Trinidad en Tobago","hr":"Trinidad i Tobago","fa":"ترینیداد و توباگو","de":"Trinidad und Tobago","es":"Trinidad y Tobago","fr":"Trinité et Tobago","ja":"トリニダード・トバゴ","it":"Trinidad e Tobago"},"name":"Trinidad and Tobago","callingCodes":["1868"]},{"translations":{"br":"Tunísia","pt":"Tunísia","nl":"Tunesië","hr":"Tunis","fa":"تونس","de":"Tunesien","es":"Túnez","fr":"Tunisie","ja":"チュニジア","it":"Tunisia"},"name":"Tunisia","callingCodes":["216"]},{"translations":{"br":"Turquia","pt":"Turquia","nl":"Turkije","hr":"Turska","fa":"ترکیه","de":"Türkei","es":"Turquía","fr":"Turquie","ja":"トルコ","it":"Turchia"},"name":"Turkey","callingCodes":["90"]},{"translations":{"br":"Turcomenistão","pt":"Turquemenistão","nl":"Turkmenistan","hr":"Turkmenistan","fa":"ترکمنستان","de":"Turkmenistan","es":"Turkmenistán","fr":"Turkménistan","ja":"トルクメニスタン","it":"Turkmenistan"},"name":"Turkmenistan","callingCodes":["993"]},{"translations":{"br":"Ilhas Turcas e Caicos","pt":"Ilhas Turcas e Caicos","nl":"Turks- en Caicoseilanden","hr":"Otoci Turks i Caicos","fa":"جزایر تورکس و کایکوس","de":"Turks- und Caicosinseln","es":"Islas Turks y Caicos","fr":"Îles Turques-et-Caïques","ja":"タークス・カイコス諸島","it":"Isole Turks e Caicos"},"name":"Turks and Caicos Islands","callingCodes":["1649"]},{"translations":{"br":"Tuvalu","pt":"Tuvalu","nl":"Tuvalu","hr":"Tuvalu","fa":"تووالو","de":"Tuvalu","es":"Tuvalu","fr":"Tuvalu","ja":"ツバル","it":"Tuvalu"},"name":"Tuvalu","callingCodes":["688"]},{"translations":{"br":"Uganda","pt":"Uganda","nl":"Oeganda","hr":"Uganda","fa":"اوگاندا","de":"Uganda","es":"Uganda","fr":"Uganda","ja":"ウガンダ","it":"Uganda"},"name":"Uganda","callingCodes":["256"]},{"translations":{"br":"Ucrânia","pt":"Ucrânia","nl":"Oekraïne","hr":"Ukrajina","fa":"وکراین","de":"Ukraine","es":"Ucrania","fr":"Ukraine","ja":"ウクライナ","it":"Ucraina"},"name":"Ukraine","callingCodes":["380"]},{"translations":{"br":"Emirados árabes Unidos","pt":"Emirados árabes Unidos","nl":"Verenigde Arabische Emiraten","hr":"Ujedinjeni Arapski Emirati","fa":"امارات متحده عربی","de":"Vereinigte Arabische Emirate","es":"Emiratos Árabes Unidos","fr":"Émirats arabes unis","ja":"アラブ首長国連邦","it":"Emirati Arabi Uniti"},"name":"United Arab Emirates","callingCodes":["971"]},{"translations":{"br":"Reino Unido","pt":"Reino Unido","nl":"Verenigd Koninkrijk","hr":"Ujedinjeno Kraljevstvo","fa":"بریتانیای کبیر و ایرلند شمالی","de":"Vereinigtes Königreich","es":"Reino Unido","fr":"Royaume-Uni","ja":"イギリス","it":"Regno Unito"},"name":"United Kingdom of Great Britain and Northern Ireland","callingCodes":["44"]},{"translations":{"br":"Estados Unidos","pt":"Estados Unidos","nl":"Verenigde Staten","hr":"Sjedinjene Američke Države","fa":"ایالات متحده آمریکا","de":"Vereinigte Staaten von Amerika","es":"Estados Unidos","fr":"États-Unis","ja":"アメリカ合衆国","it":"Stati Uniti D'America"},"name":"United States of America","callingCodes":["1"]},{"translations":{"br":"Uruguai","pt":"Uruguai","nl":"Uruguay","hr":"Urugvaj","fa":"اروگوئه","de":"Uruguay","es":"Uruguay","fr":"Uruguay","ja":"ウルグアイ","it":"Uruguay"},"name":"Uruguay","callingCodes":["598"]},{"translations":{"br":"Uzbequistão","pt":"Usbequistão","nl":"Oezbekistan","hr":"Uzbekistan","fa":"ازبکستان","de":"Usbekistan","es":"Uzbekistán","fr":"Ouzbékistan","ja":"ウズベキスタン","it":"Uzbekistan"},"name":"Uzbekistan","callingCodes":["998"]},{"translations":{"br":"Vanuatu","pt":"Vanuatu","nl":"Vanuatu","hr":"Vanuatu","fa":"وانواتو","de":"Vanuatu","es":"Vanuatu","fr":"Vanuatu","ja":"バヌアツ","it":"Vanuatu"},"name":"Vanuatu","callingCodes":["678"]},{"translations":{"br":"Venezuela","pt":"Venezuela","nl":"Venezuela","hr":"Venezuela","fa":"ونزوئلا","de":"Venezuela","es":"Venezuela","fr":"Venezuela","ja":"ベネズエラ・ボリバル共和国","it":"Venezuela"},"name":"Venezuela (Bolivarian Republic of)","callingCodes":["58"]},{"translations":{"br":"Vietnã","pt":"Vietname","nl":"Vietnam","hr":"Vijetnam","fa":"ویتنام","de":"Vietnam","es":"Vietnam","fr":"Viêt Nam","ja":"ベトナム","it":"Vietnam"},"name":"Viet Nam","callingCodes":["84"]},{"translations":{"br":"Wallis e Futuna","pt":"Wallis e Futuna","nl":"Wallis en Futuna","hr":"Wallis i Fortuna","fa":"والیس و فوتونا","de":"Wallis und Futuna","es":"Wallis y Futuna","fr":"Wallis-et-Futuna","ja":"ウォリス・フツナ","it":"Wallis e Futuna"},"name":"Wallis and Futuna","callingCodes":["681"]},{"translations":{"br":"Saara Ocidental","pt":"Saara Ocidental","nl":"Westelijke Sahara","hr":"Zapadna Sahara","fa":"جمهوری دموکراتیک عربی صحرا","de":"Westsahara","es":"Sahara Occidental","fr":"Sahara Occidental","ja":"西サハラ","it":"Sahara Occidentale"},"name":"Western Sahara","callingCodes":["212"]},{"translations":{"br":"Iêmen","pt":"Iémen","nl":"Jemen","hr":"Jemen","fa":"یمن","de":"Jemen","es":"Yemen","fr":"Yémen","ja":"イエメン","it":"Yemen"},"name":"Yemen","callingCodes":["967"]},{"translations":{"br":"Zâmbia","pt":"Zâmbia","nl":"Zambia","hr":"Zambija","fa":"زامبیا","de":"Sambia","es":"Zambia","fr":"Zambie","ja":"ザンビア","it":"Zambia"},"name":"Zambia","callingCodes":["260"]},{"translations":{"br":"Zimbabwe","pt":"Zimbabué","nl":"Zimbabwe","hr":"Zimbabve","fa":"زیمباوه","de":"Simbabwe","es":"Zimbabue","fr":"Zimbabwe","ja":"ジンバブエ","it":"Zimbabwe"},"name":"Zimbabwe","callingCodes":["263"]}]